11.03.2017 ; 00:59:11 ;29.14
11.03.2017 ; 01:09:11 ;24.11
11.03.2017 ; 01:19:12 ;24.16
11.03.2017 ; 01:29:12 ;23.72
11.03.2017 ; 01:39:12 ;23.57
11.03.2017 ; 01:49:13 ;23.72
11.03.2017 ; 01:59:13 ;23.47
11.03.2017 ; 02:09:14 ;23.33
11.03.2017 ; 02:19:14 ;23.33
11.03.2017 ; 02:29:15 ;23.33
11.03.2017 ; 02:39:15 ;23.33
11.03.2017 ; 02:49:16 ;23.28
11.03.2017 ; 02:59:16 ;23.23
11.03.2017 ; 03:09:16 ;23.33
11.03.2017 ; 03:19:17 ;23.1
11.03.2017 ; 03:29:17 ;22.85
11.03.2017 ; 03:39:18 ;22.95
11.03.2017 ; 03:49:18 ;23.1
11.03.2017 ; 03:59:19 ;23
11.03.2017 ; 04:09:19 ;22.9
11.03.2017 ; 04:19:20 ;22.95
11.03.2017 ; 04:29:20 ;22.8
11.03.2017 ; 04:39:21 ;22.85
11.03.2017 ; 04:49:21 ;22.8
11.03.2017 ; 04:59:21 ;22.75
11.03.2017 ; 05:09:22 ;22.75
11.03.2017 ; 05:19:22 ;22.56
11.03.2017 ; 05:29:23 ;22.56
11.03.2017 ; 05:39:23 ;22.61
11.03.2017 ; 05:49:24 ;22.56
11.03.2017 ; 05:59:24 ;22.46
11.03.2017 ; 06:09:24 ;22.51
11.03.2017 ; 06:19:25 ;22.36
11.03.2017 ; 06:29:25 ;22.41
11.03.2017 ; 06:39:26 ;22.36
11.03.2017 ; 06:49:26 ;22.36
11.03.2017 ; 06:59:27 ;22.36
11.03.2017 ; 07:09:27 ;22.36
11.03.2017 ; 07:19:28 ;22.31
11.03.2017 ; 07:29:28 ;22.31
11.03.2017 ; 07:39:28 ;22.36
11.03.2017 ; 07:49:29 ;22.22
11.03.2017 ; 07:59:29 ;22.31
11.03.2017 ; 08:09:30 ;22.31
11.03.2017 ; 08:19:30 ;22.26
11.03.2017 ; 08:29:31 ;22.41
11.03.2017 ; 08:39:31 ;22.31
11.03.2017 ; 08:49:31 ;22.31
11.03.2017 ; 08:59:32 ;22.31
11.03.2017 ; 09:09:32 ;22.51
11.03.2017 ; 09:19:33 ;22.61
11.03.2017 ; 09:29:33 ;22.46
11.03.2017 ; 09:39:34 ;22.56
11.03.2017 ; 09:49:34 ;22.7
11.03.2017 ; 09:59:35 ;22.66
11.03.2017 ; 10:09:35 ;22.8
11.03.2017 ; 10:19:35 ;22.75
11.03.2017 ; 10:29:36 ;22.75
11.03.2017 ; 10:39:36 ;22.75
11.03.2017 ; 10:49:37 ;22.8
11.03.2017 ; 10:59:37 ;22.85
11.03.2017 ; 11:09:38 ;22.95
11.03.2017 ; 11:19:38 ;22.85
11.03.2017 ; 11:29:38 ;23.04
11.03.2017 ; 11:39:39 ;23.23
11.03.2017 ; 11:49:39 ;23.28
11.03.2017 ; 11:59:40 ;23.38
11.03.2017 ; 12:09:40 ;23.38
11.03.2017 ; 12:19:41 ;23.52
11.03.2017 ; 12:29:41 ;23.67
11.03.2017 ; 12:39:42 ;23.62
11.03.2017 ; 12:49:42 ;23.77
11.03.2017 ; 12:59:42 ;23.77
11.03.2017 ; 13:09:43 ;23.77
11.03.2017 ; 13:19:43 ;23.92
11.03.2017 ; 13:29:44 ;24.01
11.03.2017 ; 13:39:44 ;24.21
11.03.2017 ; 13:49:45 ;24.26
11.03.2017 ; 13:59:45 ;24.26
11.03.2017 ; 14:09:46 ;24.31
11.03.2017 ; 14:19:46 ;24.36
11.03.2017 ; 14:29:46 ;24.55
11.03.2017 ; 14:39:47 ;24.65
11.03.2017 ; 14:49:47 ;24.75
11.03.2017 ; 14:59:48 ;24.75
11.03.2017 ; 15:09:48 ;24.8
11.03.2017 ; 15:19:49 ;24.85
11.03.2017 ; 15:29:49 ;24.99
11.03.2017 ; 15:39:50 ;25.19
11.03.2017 ; 15:49:50 ;25.24
11.03.2017 ; 15:59:51 ;25.29
11.03.2017 ; 16:09:51 ;25.33
11.03.2017 ; 16:19:51 ;25.53
11.03.2017 ; 16:29:52 ;25.43
11.03.2017 ; 16:39:52 ;25.43
11.03.2017 ; 16:49:53 ;25.38
11.03.2017 ; 16:59:53 ;25.38
11.03.2017 ; 17:09:54 ;25.43
11.03.2017 ; 17:19:54 ;25.29
11.03.2017 ; 17:29:55 ;25.38
11.03.2017 ; 17:39:55 ;25.38
11.03.2017 ; 17:49:55 ;25.38
11.03.2017 ; 17:59:56 ;25.43
11.03.2017 ; 18:09:56 ;25.38
11.03.2017 ; 18:19:57 ;25.58
11.03.2017 ; 18:29:57 ;25.43
11.03.2017 ; 18:39:58 ;25.48
11.03.2017 ; 18:49:58 ;25.43
11.03.2017 ; 18:59:59 ;25.38
11.03.2017 ; 19:09:59 ;25.48
11.03.2017 ; 19:20:00 ;25.53
11.03.2017 ; 19:30:00 ;25.33
11.03.2017 ; 19:40:00 ;25.29
11.03.2017 ; 19:50:01 ;25.19
11.03.2017 ; 20:00:01 ;24.89
11.03.2017 ; 20:10:02 ;24.75
11.03.2017 ; 20:20:02 ;24.7
11.03.2017 ; 20:30:03 ;24.4
11.03.2017 ; 20:40:03 ;24.21
11.03.2017 ; 20:50:04 ;24.01
11.03.2017 ; 21:00:04 ;23.82
11.03.2017 ; 21:10:05 ;23.96
11.03.2017 ; 21:20:05 ;23.96
11.03.2017 ; 21:30:05 ;23.92
11.03.2017 ; 21:40:06 ;24.01
11.03.2017 ; 21:50:06 ;24.01
11.03.2017 ; 22:00:07 ;24.06
11.03.2017 ; 22:10:07 ;24.11
11.03.2017 ; 22:20:08 ;23.97
11.03.2017 ; 22:30:08 ;24.21
11.03.2017 ; 22:40:09 ;24.21
11.03.2017 ; 22:50:09 ;24.21
11.03.2017 ; 23:00:09 ;24.26
11.03.2017 ; 23:10:10 ;24.31
11.03.2017 ; 23:20:10 ;24.21
11.03.2017 ; 23:30:11 ;24.21
11.03.2017 ; 23:40:11 ;24.21
11.03.2017 ; 23:50:12 ;24.21
12.03.2017 ; 00:00:12 ;24.26
12.03.2017 ; 00:10:13 ;24.26
12.03.2017 ; 00:20:13 ;24.21
12.03.2017 ; 00:30:13 ;24.16
12.03.2017 ; 00:40:14 ;24.26
12.03.2017 ; 00:50:14 ;24.16
12.03.2017 ; 01:00:15 ;24.21
12.03.2017 ; 01:10:15 ;24.11
12.03.2017 ; 01:20:16 ;24.06
12.03.2017 ; 01:30:16 ;24.11
12.03.2017 ; 01:40:17 ;23.96
12.03.2017 ; 01:50:17 ;23.82
12.03.2017 ; 02:00:18 ;23.77
12.03.2017 ; 02:10:18 ;23.77
12.03.2017 ; 02:20:18 ;23.72
12.03.2017 ; 02:30:19 ;23.67
12.03.2017 ; 02:40:19 ;23.62
12.03.2017 ; 02:50:20 ;23.43
12.03.2017 ; 03:00:20 ;23.67
12.03.2017 ; 03:10:21 ;23.52
12.03.2017 ; 03:20:21 ;23.38
12.03.2017 ; 03:30:22 ;23.47
12.03.2017 ; 03:40:22 ;23.38
12.03.2017 ; 03:50:22 ;23.43
12.03.2017 ; 04:00:23 ;23.33
12.03.2017 ; 04:10:23 ;23.43
12.03.2017 ; 04:20:24 ;23.28
12.03.2017 ; 04:30:24 ;23.23
12.03.2017 ; 04:40:25 ;23.19
12.03.2017 ; 04:50:25 ;23.28
12.03.2017 ; 05:00:26 ;23.23
12.03.2017 ; 05:10:26 ;23.1
12.03.2017 ; 05:20:26 ;23.04
12.03.2017 ; 05:30:27 ;23.08
12.03.2017 ; 05:40:27 ;22.9
12.03.2017 ; 05:50:28 ;23.05
12.03.2017 ; 06:00:28 ;22.95
12.03.2017 ; 06:10:29 ;23.05
12.03.2017 ; 06:20:29 ;22.94
12.03.2017 ; 06:30:29 ;22.85
12.03.2017 ; 06:40:30 ;22.85
12.03.2017 ; 06:50:30 ;22.8
12.03.2017 ; 07:00:31 ;22.85
12.03.2017 ; 07:10:31 ;22.9
12.03.2017 ; 07:20:32 ;22.85
12.03.2017 ; 07:30:32 ;22.8
12.03.2017 ; 07:40:33 ;22.8
12.03.2017 ; 07:50:33 ;22.8
12.03.2017 ; 08:00:33 ;22.8
12.03.2017 ; 08:10:34 ;22.75
12.03.2017 ; 08:20:34 ;22.8
12.03.2017 ; 08:30:35 ;22.75
12.03.2017 ; 08:40:35 ;22.7
12.03.2017 ; 08:50:36 ;22.89
12.03.2017 ; 09:00:36 ;22.95
12.03.2017 ; 09:10:37 ;22.85
12.03.2017 ; 09:20:37 ;22.85
12.03.2017 ; 09:30:37 ;22.94
12.03.2017 ; 09:40:38 ;22.9
12.03.2017 ; 09:50:38 ;22.94
12.03.2017 ; 10:00:39 ;23
12.03.2017 ; 10:10:39 ;22.89
12.03.2017 ; 10:20:40 ;22.99
12.03.2017 ; 10:30:40 ;22.99
12.03.2017 ; 10:40:40 ;23.04
12.03.2017 ; 10:50:41 ;23.05
12.03.2017 ; 11:00:41 ;23.05
12.03.2017 ; 11:10:42 ;23.13
12.03.2017 ; 11:20:42 ;23.28
12.03.2017 ; 11:30:43 ;23.23
12.03.2017 ; 11:40:43 ;23.38
12.03.2017 ; 11:50:44 ;23.38
12.03.2017 ; 12:00:44 ;23.52
12.03.2017 ; 12:10:44 ;22.95
12.03.2017 ; 12:20:45 ;22.26
12.03.2017 ; 12:30:45 ;22.31
12.03.2017 ; 12:40:46 ;22.51
12.03.2017 ; 12:50:46 ;22.7
12.03.2017 ; 13:00:47 ;22.7
12.03.2017 ; 13:10:47 ;22.75
12.03.2017 ; 13:20:48 ;22.75
12.03.2017 ; 13:30:48 ;22.75
12.03.2017 ; 13:40:48 ;22.84
12.03.2017 ; 13:50:49 ;22.99
12.03.2017 ; 14:00:49 ;23.13
12.03.2017 ; 14:10:50 ;23.23
12.03.2017 ; 14:20:50 ;23.23
12.03.2017 ; 14:30:51 ;23.23
12.03.2017 ; 14:40:51 ;23.23
12.03.2017 ; 14:50:52 ;23.23
12.03.2017 ; 15:00:52 ;23.23
12.03.2017 ; 15:10:52 ;23.23
12.03.2017 ; 15:20:53 ;23.33
12.03.2017 ; 15:30:53 ;23.48
12.03.2017 ; 15:40:54 ;23.43
12.03.2017 ; 15:50:54 ;23.67
12.03.2017 ; 16:00:55 ;23.72
12.03.2017 ; 16:10:55 ;23.72
12.03.2017 ; 16:20:56 ;23.82
12.03.2017 ; 16:30:56 ;24.16
12.03.2017 ; 16:40:56 ;24.16
12.03.2017 ; 16:50:57 ;24.21
12.03.2017 ; 17:00:57 ;24.21
12.03.2017 ; 17:10:58 ;24.21
12.03.2017 ; 17:20:58 ;24.21
12.03.2017 ; 17:30:59 ;24.21
12.03.2017 ; 17:40:59 ;24.21
12.03.2017 ; 17:51:00 ;24.21
12.03.2017 ; 18:01:00 ;24.21
12.03.2017 ; 18:11:01 ;24.16
12.03.2017 ; 18:21:01 ;24.16
12.03.2017 ; 18:31:01 ;24.16
12.03.2017 ; 18:41:02 ;24.11
12.03.2017 ; 18:51:02 ;24.16
12.03.2017 ; 19:01:03 ;24.16
12.03.2017 ; 19:11:03 ;24.11
12.03.2017 ; 19:21:04 ;24.11
12.03.2017 ; 19:31:04 ;24.06
12.03.2017 ; 19:41:05 ;24.06
12.03.2017 ; 19:51:05 ;24.01
12.03.2017 ; 20:01:06 ;24.06
12.03.2017 ; 20:11:06 ;23.87
12.03.2017 ; 20:21:06 ;23.97
12.03.2017 ; 20:31:07 ;23.87
12.03.2017 ; 20:41:07 ;23.72
12.03.2017 ; 20:51:08 ;23.77
12.03.2017 ; 21:01:08 ;23.72
12.03.2017 ; 21:11:09 ;23.72
12.03.2017 ; 21:21:09 ;23.72
12.03.2017 ; 21:31:10 ;23.72
12.03.2017 ; 21:41:10 ;23.72
12.03.2017 ; 21:51:11 ;23.72
12.03.2017 ; 22:01:11 ;23.72
12.03.2017 ; 22:11:12 ;23.67
12.03.2017 ; 22:21:12 ;23.67
12.03.2017 ; 22:31:13 ;23.72
12.03.2017 ; 22:41:13 ;23.72
12.03.2017 ; 22:51:13 ;23.72
12.03.2017 ; 23:01:14 ;23.62
12.03.2017 ; 23:11:14 ;23.52
12.03.2017 ; 23:21:15 ;23.52
12.03.2017 ; 23:31:15 ;23.43
12.03.2017 ; 23:41:16 ;23.47
12.03.2017 ; 23:51:16 ;23.38
13.03.2017 ; 00:01:17 ;23.38
13.03.2017 ; 00:11:17 ;23.48
13.03.2017 ; 00:21:18 ;23.28
13.03.2017 ; 00:31:18 ;23.23
