21.03.2017 ; 22:28:42 ; 30.57
21.03.2017 ; 22:29:42 ; 25.68
21.03.2017 ; 22:30:42 ; 25.20
21.03.2017 ; 22:31:42 ; 25.68
21.03.2017 ; 22:32:42 ; 25.20
21.03.2017 ; 22:33:42 ; 24.71
21.03.2017 ; 22:34:42 ; 25.20
21.03.2017 ; 22:35:42 ; 24.71
21.03.2017 ; 22:36:43 ; 25.68
21.03.2017 ; 22:37:43 ; 24.71
21.03.2017 ; 22:38:43 ; 24.22
21.03.2017 ; 22:39:43 ; 24.22
21.03.2017 ; 22:40:43 ; 24.71
21.03.2017 ; 22:41:43 ; 24.71
21.03.2017 ; 22:42:43 ; 24.22
21.03.2017 ; 22:43:43 ; 24.22
21.03.2017 ; 22:44:43 ; 24.22
21.03.2017 ; 22:45:43 ; 23.73
21.03.2017 ; 22:46:43 ; 24.22
21.03.2017 ; 22:47:43 ; 24.22
21.03.2017 ; 22:48:43 ; 24.22
21.03.2017 ; 22:49:43 ; 24.22
21.03.2017 ; 22:50:43 ; 23.73
21.03.2017 ; 22:51:43 ; 23.73
21.03.2017 ; 22:52:44 ; 24.22
21.03.2017 ; 22:53:44 ; 24.22
21.03.2017 ; 22:54:44 ; 23.73
21.03.2017 ; 22:55:44 ; 24.22
21.03.2017 ; 22:56:44 ; 24.71
21.03.2017 ; 22:57:44 ; 24.22
21.03.2017 ; 22:58:44 ; 24.22
21.03.2017 ; 22:59:44 ; 24.22
21.03.2017 ; 23:00:44 ; 24.22
21.03.2017 ; 23:01:44 ; 24.22
21.03.2017 ; 23:02:44 ; 23.73
21.03.2017 ; 23:03:44 ; 24.22
21.03.2017 ; 23:04:44 ; 23.73
21.03.2017 ; 23:05:45 ; 24.22
21.03.2017 ; 23:06:45 ; 23.73
21.03.2017 ; 23:07:45 ; 23.73
21.03.2017 ; 23:08:45 ; 23.73
21.03.2017 ; 23:09:45 ; 23.73
21.03.2017 ; 23:10:45 ; 23.73
21.03.2017 ; 23:11:45 ; 23.73
21.03.2017 ; 23:12:45 ; 23.73
21.03.2017 ; 23:13:45 ; 23.73
21.03.2017 ; 23:14:45 ; 24.22
21.03.2017 ; 23:15:45 ; 23.73
21.03.2017 ; 23:16:45 ; 23.73
21.03.2017 ; 23:17:45 ; 24.22
21.03.2017 ; 23:18:45 ; 24.22
21.03.2017 ; 23:19:45 ; 23.73
21.03.2017 ; 23:20:46 ; 23.73
21.03.2017 ; 23:21:46 ; 24.71
21.03.2017 ; 23:22:46 ; 24.22
21.03.2017 ; 23:23:46 ; 24.22
21.03.2017 ; 23:24:46 ; 24.22
21.03.2017 ; 23:25:46 ; 24.22
21.03.2017 ; 23:26:46 ; 24.22
21.03.2017 ; 23:27:46 ; 24.22
21.03.2017 ; 23:28:46 ; 24.22
21.03.2017 ; 23:29:46 ; 24.22
21.03.2017 ; 23:30:46 ; 24.22
21.03.2017 ; 23:31:46 ; 24.71
21.03.2017 ; 23:32:46 ; 24.71
21.03.2017 ; 23:33:46 ; 24.71
21.03.2017 ; 23:34:46 ; 24.22
21.03.2017 ; 23:35:47 ; 24.22
21.03.2017 ; 23:36:47 ; 24.22
21.03.2017 ; 23:37:47 ; 24.22
21.03.2017 ; 23:38:47 ; 24.71
21.03.2017 ; 23:39:47 ; 24.71
21.03.2017 ; 23:40:47 ; 24.22
21.03.2017 ; 23:41:47 ; 24.22
